job_x_id,job_benefit_value
1,Disability insurance
1,Health insurance
1,Dental insurance
1,Tuition reimbursement
1,Paid time off
1,Adoption assistance
1,Vision insurance
1,403(b)
2,Health savings account
2,Health insurance
2,Dental insurance
2,401(k)
2,Tuition reimbursement
2,Paid time off
2,Employee assistance program
2,Vision insurance
2,401(k) matching
2,Life insurance
2,Referral program
2,Paid sick time
3,Disability insurance
3,Health insurance
3,Dental insurance
3,401(k)
3,Flexible spending account
3,Tuition reimbursement
3,Employee assistance program
3,Vision insurance
4,Wellness program
4,Disability insurance
4,Health insurance
4,Dental insurance
4,Paid time off
4,Parental leave
4,Employee assistance program
4,Vision insurance
4,401(k) matching
4,Employee discount
4,Life insurance
4,Pet insurance
5,Health insurance
5,Employee discount
5,Flexible schedule
6,Employee stock purchase plan
6,Disability insurance
6,Health insurance
6,Dental insurance
6,Flexible spending account
6,Tuition reimbursement
6,Paid time off
6,Adoption assistance
6,Family leave
6,Vision insurance
6,401(k) matching
6,Pet insurance
7,Health insurance
7,Dental insurance
7,Paid time off
7,Vision insurance
8,Health insurance
8,Dental insurance
8,Paid time off
8,Vision insurance
8,Life insurance
9,Paid training
9,Paid holidays
9,Health insurance
9,Dental insurance
9,Opportunities for advancement
9,Flexible schedule
9,Referral program
10,Health insurance
10,401(k)
10,Paid time off
10,Employee discount
10,Flexible schedule
11,Paid training
11,Paid holidays
11,Health insurance
11,401(k)
11,Paid time off
11,401(k) matching
11,Paid sick time
12,Disability insurance
12,Health insurance
12,Dental insurance
12,Tuition reimbursement
12,Paid time off
12,Adoption assistance
12,Vision insurance
12,403(b)
13,Continuing education credits
13,Paid holidays
13,Health insurance
13,Dental insurance
13,401(k)
13,Paid time off
13,Flexible schedule
14,Paid time off
14,Professional development assistance
14,Flexible schedule
15,Continuing education credits
15,Loan repayment program
15,Disability insurance
15,Health insurance
15,Dental insurance
15,Paid time off
15,Employee assistance program
15,Vision insurance
15,Life insurance
15,Malpractice insurance
15,Retirement plan
16,AD&D insurance
16,Paid holidays
16,Disability insurance
16,Health insurance
16,Dental insurance
16,Tuition reimbursement
16,Employee assistance program
16,Vision insurance
16,Credit union membership
16,Life insurance
17,Paid parental leave
17,Paid holidays
17,Health insurance
17,Dental insurance
17,Flexible spending account
17,Tuition reimbursement
17,Paid time off
17,Parental leave
17,Vision insurance
17,401(k) matching
17,Loan assistance
18,Paid holidays
18,Health insurance
21,AD&D insurance
21,Military leave
21,Family leave
21,Employee assistance program
21,Bereavement leave
21,Life insurance
22,Free parking
22,Paid holidays
22,Disability insurance
22,Health insurance
22,Dental insurance
22,Flexible spending account
22,Employee assistance program
22,Vision insurance
22,Life insurance
23,Health savings account
23,Disability insurance
23,Health insurance
23,Flexible spending account
23,401(k) matching
24,Health insurance
24,Dental insurance
24,401(k)
24,Flexible spending account
24,Paid time off
24,Parental leave
24,Employee assistance program
24,Vision insurance
24,Life insurance
25,On-the-job training
26,Paid holidays
28,Health insurance
28,Dental insurance
28,Vision insurance
28,Life insurance
28,Retirement plan
29,Paid training
29,Wellness program
29,Paid holidays
29,Health insurance
29,Tuition reimbursement
29,Paid time off
29,Employee assistance program
29,Vision insurance
29,Retirement plan
31,Paid holidays
31,Disability insurance
31,Health insurance
31,Dental insurance
31,401(k) matching
31,Employee discount
31,Life insurance
34,Free parking
34,Health insurance
34,Dental insurance
34,401(k)
34,Paid time off
34,Life insurance
36,Health savings account
36,Paid holidays
36,Disability insurance
36,Health insurance
36,Dental insurance
36,Flexible spending account
36,Tuition reimbursement
36,Paid time off
36,Employee assistance program
36,Vision insurance
38,Health insurance
38,Tuition reimbursement
38,401(k) matching
38,Referral program
39,Paid holidays
39,Loan repayment program
39,Health insurance
39,Dental insurance
39,Paid time off
39,Family leave
39,Vision insurance
39,401(k) matching
40,Paid holidays
41,Free parking
41,Disability insurance
41,Health insurance
41,Dental insurance
41,Paid time off
41,Employee assistance program
41,Vision insurance
41,401(k) matching
41,Employee discount
41,Life insurance
43,Employee discount
45,Paid holidays
45,Paid time off
45,401(k) matching
45,Opportunities for advancement
46,Paid holidays
46,Loan repayment program
46,Health insurance
46,Dental insurance
46,Paid time off
46,Family leave
46,Vision insurance
46,401(k) matching
48,Health savings account
48,Paid time off
48,401(k) matching
48,Opportunities for advancement
49,Paid holidays
50,Flexible schedule
52,On-the-job training
53,Health savings account
53,Employee stock purchase plan
53,401(k)
53,Tuition reimbursement
53,Paid time off
53,401(k) 7% Match
53,401(k) matching
54,Free parking
54,Health savings account
54,Disability insurance
54,Health insurance
54,Dental insurance
54,401(k)
54,Flexible spending account
54,Paid time off
54,Parental leave
54,Employee assistance program
54,Vision insurance
54,Gym membership
56,Dental insurance
56,401(k)
56,Paid time off
56,Life insurance
58,Flexible schedule
59,Paid holidays
61,License reimbursement
61,Paid holidays
61,Health insurance
61,Dental insurance
61,401(k)
61,Flexible spending account
61,Paid time off
61,Employee assistance program
61,Vision insurance
61,401(k) matching
61,Employee discount
61,Professional development assistance
62,Health insurance
62,Dental insurance
62,Paid time off
62,Vision insurance
63,Health insurance
63,Dental insurance
63,401(k)
63,Paid time off
63,Vision insurance
63,Life insurance
64,Health insurance
64,Employee discount
64,Flexible schedule
65,Paid training
65,Paid holidays
65,Health insurance
65,Dental insurance
65,Opportunities for advancement
65,Flexible schedule
65,Referral program
66,Health insurance
66,Dental insurance
66,Paid time off
66,Vision insurance
66,Life insurance
67,Paid training
67,Paid holidays
67,Health insurance
67,401(k)
67,Paid time off
67,401(k) matching
67,Paid sick time
68,Health savings account
68,Health insurance
68,Dental insurance
68,401(k)
68,Flexible spending account
68,Tuition reimbursement
68,Paid time off
68,Employee assistance program
68,Vision insurance
68,401(k) matching
68,Life insurance
68,Referral program
69,Health savings account
69,Health insurance
69,Dental insurance
69,401(k)
69,Tuition reimbursement
69,Paid time off
69,Employee assistance program
69,Vision insurance
69,401(k) matching
69,Life insurance
69,Referral program
69,Paid sick time
70,Employee discount
70,Flexible schedule
70,Referral program
71,Paid time off
71,Professional development assistance
71,Flexible schedule
72,Health savings account
72,Disability insurance
72,Health insurance
72,Dental insurance
72,401(k)
72,Flexible spending account
72,Tuition reimbursement
72,Paid time off
72,On-the-job training
72,Employee assistance program
72,Vision insurance
72,401(k) matching
73,Health insurance
73,401(k)
73,Paid time off
73,Employee discount
73,Flexible schedule
74,Paid training
74,Health insurance
74,Dental insurance
74,Paid time off
74,Employee discount
74,Flexible schedule
74,Food provided
75,Paid holidays
75,Dental insurance
75,401(k)
75,Paid time off
76,Visa sponsorship
76,Health insurance
76,Dental insurance
76,401(k)
76,Paid time off
76,Vision insurance
76,401(k) matching
77,Disability insurance
77,Health insurance
77,Dental insurance
77,Tuition reimbursement
77,Paid time off
77,Adoption assistance
77,Vision insurance
77,403(b)
78,Paid training
78,Health insurance
78,Dental insurance
78,401(k)
78,Paid time off
78,Vision insurance
78,401(k) matching
78,Flexible schedule
78,Referral program
79,Paid training
79,Continuing education credits
79,Health insurance
79,Paid time off
79,On-the-job training
79,Flexible schedule
80,Paid holidays
80,Dental insurance
80,401(k)
80,Vision insurance
80,Opportunities for advancement
80,Life insurance
80,Paid sick time
82,Paid training
82,Paid holidays
82,Disability insurance
82,Health insurance
82,Dental insurance
82,401(k)
82,Paid time off
82,Employee assistance program
82,Vision insurance
82,401(k) matching
82,Paid orientation
82,Life insurance
83,Health insurance
83,Dental insurance
83,Paid time off
83,Vision insurance
83,Employee discount
83,Flexible schedule
84,Paid training
84,Paid holidays
84,Health insurance
84,Dental insurance
84,401(k)
84,Paid time off
84,On-the-job training
84,Vision insurance
84,Opportunities for advancement
84,Flexible schedule
85,Health insurance
85,Dental insurance
85,Vision insurance
85,Flexible schedule
86,Paid time off
86,Employee discount
86,Flexible schedule
86,Paid sick time
88,Paid holidays
88,Disability insurance
88,Health insurance
88,Dental insurance
88,Paid time off
88,Vision insurance
88,401(k) matching
88,Life insurance
88,Paid sick time
89,Disability insurance
89,Health insurance
89,Dental insurance
89,401(k)
89,Tuition reimbursement
89,Paid time off
89,Employee assistance program
89,Vision insurance
89,401(k) matching
89,Loan assistance
89,Life insurance
91,Travel reimbursement
91,Disability insurance
91,Health insurance
91,Dental insurance
91,Tuition reimbursement
91,Paid time off
91,Vision insurance
91,401(k) matching
91,Life insurance
91,Referral program
91,Paid sick time
92,Paid parental leave
92,Paid holidays
92,Dental insurance
92,401(k)
92,Tuition reimbursement
92,Paid time off
92,Parental leave
92,Vision insurance
92,Free fitness classes
93,Health insurance
93,Dental insurance
93,Paid time off
93,Vision insurance
93,Employee discount
93,Flexible schedule
93,Referral program
94,Paid time off
94,Employee discount
94,Flexible schedule
95,Paid holidays
95,Disability insurance
95,Health insurance
95,Dental insurance
95,Paid time off
95,Vision insurance
95,401(k) matching
95,Life insurance
96,Disability insurance
96,Health insurance
96,Dental insurance
96,Paid time off
96,Vision insurance
96,Life insurance
97,Health insurance
97,Dental insurance
97,Vision insurance
98,Paid training
98,Fuel card
98,Paid holidays
98,Health insurance
98,Dental insurance
98,Paid time off
98,Vision insurance
98,401(k) matching
98,Opportunities for advancement
98,Flexible schedule
99,401(k)
99,Paid time off
100,Health insurance
100,Dental insurance
100,Paid time off
100,Vision insurance
101,Health insurance
101,Dental insurance
101,401(k)
101,Paid time off
101,Vision insurance
101,401(k) matching
101,Employee discount
102,Paid time off
102,Employee discount
102,Flexible schedule
103,Employee discount
103,Opportunities for advancement
103,Flexible schedule
104,Profit sharing
104,Paid training
104,Health savings account
104,Paid holidays
104,401(k)
104,Flexible spending account
104,Paid time off
104,Work from home
104,Opportunities for advancement
107,Health savings account
107,Disability insurance
107,Health insurance
107,Dental insurance
107,401(k)
107,Flexible spending account
107,Tuition reimbursement
107,Paid time off
107,Parental leave
107,Employee assistance program
107,Vision insurance
107,401(k) matching
113,Paid holidays
113,Health insurance
113,Tuition reimbursement
113,Vision insurance
113,401(k) matching
113,Life insurance
115,On-the-job training
120,Health savings account
120,Paid time off
120,401(k) matching
120,Opportunities for advancement
121,Health savings account
121,Health insurance
121,Dental insurance
121,401(k)
121,Flexible spending account
121,Paid time off
121,Employee assistance program
121,Vision insurance
121,401(k) matching
121,Employee discount
121,Professional development assistance
121,Life insurance
122,Health savings account
122,Paid holidays
122,Health insurance
122,Dental insurance
122,401(k)
122,Paid time off
122,Vision insurance
122,401(k) matching
122,Employee discount
122,Opportunities for advancement
122,Flexible schedule
122,Life insurance
123,Paid training
123,Paid holidays
123,Health insurance
123,Dental insurance
123,Opportunities for advancement
123,Flexible schedule
123,Referral program
124,Health savings account
124,Health insurance
124,Dental insurance
124,401(k)
124,Tuition reimbursement
124,Paid time off
124,Employee assistance program
124,Vision insurance
124,401(k) matching
124,Life insurance
124,Referral program
124,Paid sick time
125,Paid training
125,Paid holidays
125,Health insurance
125,401(k)
125,Paid time off
125,401(k) matching
125,Paid sick time
126,Health savings account
126,Health insurance
126,Dental insurance
126,401(k)
126,Flexible spending account
126,Paid time off
126,Employee assistance program
126,Vision insurance
126,401(k) matching
126,Life insurance
127,Health insurance
127,401(k)
127,Paid time off
127,Employee discount
127,Flexible schedule
128,Health insurance
128,Employee discount
128,Flexible schedule
129,Health insurance
129,Dental insurance
129,Paid time off
129,Vision insurance
129,Life insurance
130,Paid time off
130,Professional development assistance
130,Flexible schedule
131,Profit sharing
131,Paid training
131,Health insurance
131,Dental insurance
131,Paid time off
131,On-the-job training
131,Employee assistance program
131,Vision insurance
131,Opportunities for advancement
131,Flexible schedule
132,Health savings account
132,Health insurance
132,Dental insurance
132,401(k)
132,Flexible spending account
132,Tuition reimbursement
132,Paid time off
132,Vision insurance
132,401(k) matching
132,Employee discount
132,Professional development assistance
132,Flexible schedule
133,Continuing education credits
133,Health savings account
133,Employee stock purchase plan
133,Disability insurance
133,Health insurance
133,Dental insurance
133,401(k)
133,Flexible spending account
133,Parental leave
133,Vision insurance
133,401(k) matching
133,Professional development assistance
134,Health savings account
134,Disability insurance
134,Health insurance
134,Dental insurance
134,401(k)
134,Flexible spending account
134,Tuition reimbursement
134,Paid time off
134,On-the-job training
134,Employee assistance program
134,Vision insurance
134,401(k) matching
136,Disability insurance
136,Health insurance
136,Tuition reimbursement
136,Paid time off
136,Adoption assistance
136,Parental leave
136,Employee assistance program
136,Retirement plan
137,401(a)
137,Wellness program
137,AD&D insurance
137,Partner benefits
137,Paid holidays
137,Disability insurance
137,Health insurance
137,Dental insurance
137,Flexible spending account
137,Paid time off
137,Adoption assistance
137,Employee assistance program
138,Paid training
138,Continuing education credits
138,Health insurance
138,Paid time off
138,On-the-job training
138,Flexible schedule
141,Paid parental leave
141,Health insurance
141,Dental insurance
141,Parental leave
141,Vision insurance
141,401(k) matching
141,Life insurance
144,Paid holidays
144,Disability insurance
144,Dental insurance
144,401(k)
144,Paid time off
144,Vision insurance
144,Referral program
145,Paid holidays
146,Health insurance
146,Dental insurance
146,401(k) 5% Match
146,Vision insurance
146,401(k) matching
146,Pet insurance
147,Free parking
147,Health savings account
147,Disability insurance
147,Health insurance
147,Dental insurance
147,401(k)
147,Flexible spending account
147,Paid time off
147,Parental leave
147,Employee assistance program
147,Vision insurance
147,Gym membership
149,Health savings account
149,Paid holidays
149,Disability insurance
149,Health insurance
149,Dental insurance
149,401(k)
149,Flexible spending account
149,Paid time off
149,Vision insurance
149,Safety equipment provided
149,Life insurance
151,Paid parental leave
151,Health savings account
151,Disability insurance
151,Health insurance
151,Dental insurance
151,401(k)
151,Flexible spending account
151,Paid time off
151,Parental leave
151,Vision insurance
152,Paid parental leave
152,Health savings account
152,Disability insurance
152,Health insurance
152,Dental insurance
152,401(k)
152,Flexible spending account
152,Paid time off
152,Parental leave
152,Vision insurance
153,Paid parental leave
153,Health savings account
153,Disability insurance
153,Health insurance
153,Dental insurance
153,401(k)
153,Flexible spending account
153,Paid time off
153,Parental leave
153,Vision insurance
154,Profit sharing
154,Paid training
154,Health insurance
154,Dental insurance
154,Paid time off
154,On-the-job training
154,Employee assistance program
154,Vision insurance
154,Opportunities for advancement
154,Flexible schedule
155,Wellness program
155,Disability insurance
155,Health insurance
155,Dental insurance
155,Paid time off
155,Parental leave
155,Employee assistance program
155,Vision insurance
155,401(k) matching
155,Employee discount
155,Life insurance
155,Pet insurance
156,Paid parental leave
156,Health savings account
156,Disability insurance
156,Health insurance
156,Dental insurance
156,401(k)
156,Flexible spending account
156,Paid time off
156,Parental leave
156,Vision insurance
157,AD&D insurance
157,Paid holidays
157,Dependent care reimbursement
157,Health insurance
157,Dental insurance
157,Flexible spending account
157,Paid time off
157,Vision insurance
157,401(k) matching
159,Health insurance
159,Dental insurance
159,Vision insurance
159,Flexible schedule
160,Health savings account
160,Health insurance
160,Dental insurance
160,401(k)
160,Paid time off
160,Vision insurance
160,401(k) matching
162,Paid holidays
162,Loan repayment program
162,Health insurance
162,Dental insurance
162,Paid time off
162,Family leave
162,Vision insurance
162,401(k) matching
163,AD&D insurance
163,Paid holidays
163,Disability insurance
163,Health insurance
163,Dental insurance
163,Paid time off
163,Vision insurance
163,Referral program
164,Employee discount
165,Health insurance
165,Dental insurance
165,401(k) 5% Match
165,Vision insurance
165,401(k) matching
165,Pet insurance
167,Flexible schedule
169,Health savings account
169,AD&D insurance
169,Paid holidays
169,Disability insurance
169,Health insurance
169,Dental insurance
169,Paid time off
169,Employee assistance program
169,Vision insurance
169,401(k) matching
172,Paid holidays
172,Loan repayment program
172,Health insurance
172,Dental insurance
172,Paid time off
172,Family leave
172,Vision insurance
172,401(k) matching
174,Paid holidays
174,Paid time off
174,401(k) matching
175,On-the-job training
177,Wellness program
177,Partner benefits
177,Paid holidays
177,Health insurance
177,Dental insurance
177,Vision insurance
180,Health insurance
180,Dental insurance
180,Vision insurance
180,Employee discount
180,Opportunities for advancement
181,Paid holidays
181,Health insurance
181,Dental insurance
181,Paid time off
181,Vision insurance
181,Life insurance
182,Health savings account
182,AD&D insurance
182,Paid holidays
182,Disability insurance
182,Health insurance
182,Dental insurance
182,Vision insurance
182,401(k) matching
182,Opportunities for advancement
183,Employee stock purchase plan
183,Health insurance
183,Tuition reimbursement
183,Paid time off
183,401(k) matching
183,Benefits from day one
184,Paid training
184,Paid holidays
184,Health insurance
184,Dental insurance
184,Paid time off
184,Employee assistance program
184,Vision insurance
184,401(k) matching
184,Referral program
186,Health savings account
186,AD&D insurance
186,Paid holidays
186,Disability insurance
186,Health insurance
186,Dental insurance
186,Vision insurance
186,401(k) matching
186,Opportunities for advancement
190,Health savings account
190,Paid holidays
190,Disability insurance
190,Health insurance
190,Dental insurance
190,Flexible spending account
190,Tuition reimbursement
190,Paid time off
190,Employee assistance program
190,Vision insurance
190,401(k) matching
190,Life insurance
191,Health insurance
191,Dental insurance
191,Paid time off
191,Vision insurance
192,Health insurance
192,Dental insurance
192,401(k)
192,Tuition reimbursement
192,Paid time off
192,Employee assistance program
192,Vision insurance
192,Life insurance
193,Free parking
195,401(k)
198,Paid holidays
198,Health insurance
198,Paid time off
198,Retirement plan
199,401(k)
199,Paid time off
199,Employee assistance program
199,401(k) matching
199,Opportunities for advancement
199,Referral program
200,Disability insurance
200,Health insurance
200,Dental insurance
200,Tuition reimbursement
200,Paid time off
200,Adoption assistance
200,Vision insurance
200,403(b)
200,Life insurance
200,Pet insurance
202,Health savings account
202,AD&D insurance
202,Paid holidays
202,Disability insurance
202,Health insurance
202,Dental insurance
202,Paid time off
202,Employee assistance program
202,Vision insurance
202,401(k) matching
203,Health insurance
203,Paid time off
203,Parental leave
203,Volunteer time off
208,Paid holidays
208,Disability insurance
208,Health insurance
208,Dental insurance
208,Tuition reimbursement
208,Paid time off
208,Leadership training provided
208,401(k) matching
209,Health savings account
209,Health insurance
209,Dental insurance
209,401(k)
209,Tuition reimbursement
209,Paid time off
209,Employee assistance program
209,Vision insurance
209,401(k) matching
209,Life insurance
209,Referral program
209,Paid sick time
211,Disability insurance
211,Health insurance
211,Dental insurance
211,401(k) matching
211,Flexible schedule
211,Life insurance
212,Continuing education credits
212,Disability insurance
212,Health insurance
212,Dental insurance
212,401(k)
212,Paid time off
212,Parental leave
212,Vision insurance
212,401(k) matching
212,Employee discount
212,Professional development assistance
212,Flexible schedule
213,Disability insurance
213,Health insurance
213,Dental insurance
213,Tuition reimbursement
213,Paid time off
213,Adoption assistance
213,Vision insurance
213,403(b)
214,Paid training
214,Paid holidays
214,Health insurance
214,401(k)
214,Paid time off
214,401(k) matching
214,Paid sick time
215,Health insurance
215,Dental insurance
215,Paid time off
215,Vision insurance
215,Life insurance
216,Paid training
216,Paid holidays
216,Health insurance
216,Dental insurance
216,Opportunities for advancement
216,Flexible schedule
216,Referral program
218,Health insurance
218,Employee discount
218,Flexible schedule
219,Paid holidays
219,Dental insurance
219,401(k)
219,Paid time off
220,Health insurance
220,Dental insurance
220,Paid time off
220,Parental leave
220,Employee assistance program
220,Professional development assistance
220,Flexible schedule
222,Paid time off
222,Professional development assistance
222,Flexible schedule
223,Health savings account
223,Disability insurance
223,Health insurance
223,Dental insurance
223,401(k)
223,Flexible spending account
223,Tuition reimbursement
223,Paid time off
223,On-the-job training
223,Employee assistance program
223,Vision insurance
223,401(k) matching
224,Health insurance
224,401(k)
224,Paid time off
224,Employee discount
224,Flexible schedule
225,Health savings account
225,Health insurance
225,Dental insurance
225,401(k)
225,Flexible spending account
225,Paid time off
225,Employee assistance program
225,Vision insurance
225,401(k) matching
225,Professional development assistance
225,Life insurance
225,Referral program
226,Paid training
226,Continuing education credits
226,Health insurance
226,Paid time off
226,On-the-job training
226,Flexible schedule
227,Continuing education credits
227,License reimbursement
227,Paid time off
227,Flexible schedule
228,Employee discount
228,Flexible schedule
228,Referral program
229,Paid training
229,Paid holidays
229,Health insurance
229,Dental insurance
229,401(k)
229,Paid time off
229,On-the-job training
229,Vision insurance
229,Employee discount
229,Life insurance
230,Paid time off
230,Employee discount
230,Flexible schedule
231,Paid training
231,Mileage reimbursement
231,Health savings account
231,Health insurance
231,Dental insurance
231,Tuition reimbursement
231,Vision insurance
231,401(k) matching
231,Opportunities for advancement
232,Health insurance
232,Dental insurance
232,Vision insurance
232,Flexible schedule
233,Health insurance
233,Dental insurance
233,Paid time off
233,Vision insurance
233,Employee discount
233,Flexible schedule
234,Paid holidays
234,Dental insurance
234,401(k)
234,Vision insurance
234,Opportunities for advancement
234,Life insurance
234,Paid sick time
235,401(k)
235,Paid time off
236,Health insurance
236,Dental insurance
236,Vision insurance
236,Opportunities for advancement
236,Flexible schedule
237,Paid holidays
237,Disability insurance
237,Health insurance
237,Dental insurance
237,Paid time off
237,Vision insurance
237,401(k) matching
237,Life insurance
238,Paid time off
238,Employee discount
239,Health insurance
239,Dental insurance
239,401(k)
239,Paid time off
239,Vision insurance
239,401(k) matching
239,Employee discount
239,Flexible schedule
240,Health insurance
240,Tuition reimbursement
240,On-the-job training
240,Work from home
240,Employee assistance program
240,Employee discount
240,Professional development assistance
240,Flexible schedule
246,Paid holidays
246,Paid time off
246,Work from home
246,401(k) matching
250,Paid holidays
250,Loan repayment program
250,Health insurance
250,Dental insurance
250,Paid time off
250,Family leave
250,Vision insurance
250,401(k) matching
251,Travel reimbursement
251,Free parking
251,Health savings account
251,Paid holidays
251,Disability insurance
251,Health insurance
251,Dental insurance
251,Flexible spending account
251,Tuition reimbursement
251,Paid time off
251,Employee assistance program
251,Vision insurance
254,Health insurance
254,Dental insurance
254,Paid time off
254,Vision insurance
254,401(k) matching
255,Store discount
255,Employee stock purchase plan
255,Paid holidays
255,Disability insurance
255,Health insurance
255,Dental insurance
255,401(k)
255,Tuition reimbursement
255,Paid time off
255,Vision insurance
255,Employee discount
255,Life insurance
257,Health insurance
257,Dental insurance
257,Vision insurance
257,Life insurance
257,Retirement plan
259,Health savings account
259,AD&D insurance
259,Paid holidays
259,Disability insurance
259,Health insurance
259,Dental insurance
259,Paid time off
259,Employee assistance program
259,Vision insurance
259,401(k) matching
260,Health insurance
260,Smoking cessation program
262,Paid holidays
262,Health insurance
262,Dental insurance
262,Paid time off
262,Vision insurance
262,401(k) matching
262,Referral program
263,Free parking
265,Paid holidays
267,On-the-job training
271,On-the-job training
272,Paid training
272,Paid holidays
272,Health insurance
272,Dental insurance
272,Paid time off
272,Employee assistance program
272,Vision insurance
272,401(k) matching
272,Referral program
273,Health insurance
273,Dental insurance
273,Vision insurance
273,401(k) matching
276,AD&D insurance
276,Paid holidays
276,Disability insurance
276,Health insurance
276,Dental insurance
276,401(k)
276,Flexible spending account
276,Tuition reimbursement
276,On-the-job training
276,Vision insurance
276,Employee discount
276,Benefits from day one
277,Paid holidays
277,Health insurance
277,Happy hour
277,Family leave
277,Work from home
278,Paid holidays
278,Health insurance
278,Happy hour
278,Family leave
278,Work from home
279,Health insurance
279,Dental insurance
279,401(k)
279,Paid time off
279,Parental leave
279,Vision insurance
280,On-the-job training
281,Free parking
282,401(k)
283,Paid training
283,Health savings account
283,Disability insurance
283,Health insurance
283,Dental insurance
283,Tuition reimbursement
283,Vision insurance
283,401(k) matching
283,Flexible schedule
283,Life insurance
287,Health savings account
287,Health insurance
287,Dental insurance
287,Flexible spending account
287,Parental leave
287,Employee assistance program
287,Vision insurance
287,401(k) matching
287,Life insurance
288,Paid holidays
288,Disability insurance
288,Health insurance
288,401(k)
288,Paid time off
288,Vision insurance
288,Referral program
290,Free parking
290,Health insurance
290,Dental insurance
290,Paid time off
290,Vision insurance
293,Free parking
293,Health insurance
293,Dental insurance
293,Paid time off
293,Vision insurance
293,401(k) matching
293,Employee discount
295,Paid training
295,Opportunities for advancement
296,Health savings account
296,AD&D insurance
296,Paid holidays
296,Disability insurance
296,Health insurance
296,Dental insurance
296,Vision insurance
296,401(k) matching
296,Opportunities for advancement
298,Stock options
298,Employee stock purchase plan
298,Paid holidays
298,Disability insurance
298,Health insurance
298,Dental insurance
298,Vision insurance
298,401(k) matching
298,Life insurance
300,Health insurance
300,Dental insurance
300,Flexible spending account
300,Paid time off
300,401(k) 4% Match
300,Family leave
300,Vision insurance
303,Employee stock purchase plan
303,Disability insurance
303,Health insurance
303,Dental insurance
303,401(k)
303,Paid time off
303,Vision insurance
304,Health insurance
304,Dental insurance
304,On-the-job training
304,Vision insurance
304,Life insurance
304,Referral program
304,Retirement plan
305,Health savings account
305,AD&D insurance
305,Paid holidays
305,Disability insurance
305,Health insurance
305,Dental insurance
305,Paid time off
305,Employee assistance program
305,Vision insurance
305,401(k) matching
306,Paid parental leave
306,Health savings account
306,Paid holidays
306,Disability insurance
306,Health insurance
306,Dental insurance
306,Paid time off
306,Parental leave
306,Vision insurance
306,401(k) matching
306,Life insurance
315,Paid parental leave
315,Paid holidays
315,Tuition reimbursement
315,Paid time off
315,Parental leave
315,401(k) matching
316,Health savings account
316,Health insurance
316,Dental insurance
316,401(k)
316,Paid time off
316,Vision insurance
316,401(k) matching
318,Paid parental leave
318,Health savings account
318,Disability insurance
318,Health insurance
318,Dental insurance
318,401(k)
318,Flexible spending account
318,Paid time off
318,Parental leave
318,Vision insurance
320,Profit sharing
320,Health insurance
320,Dental insurance
320,Life insurance
321,Paid parental leave
321,Health savings account
321,Disability insurance
321,Health insurance
321,Dental insurance
321,401(k)
321,Flexible spending account
321,Paid time off
321,Parental leave
321,Vision insurance
323,Paid parental leave
323,Health savings account
323,Disability insurance
323,Health insurance
323,Dental insurance
323,401(k)
323,Flexible spending account
323,Paid time off
323,Parental leave
323,Vision insurance
324,Health insurance
324,Dental insurance
324,Vision insurance
324,Flexible schedule
326,Paid parental leave
326,Health savings account
326,Disability insurance
326,Health insurance
326,Dental insurance
326,401(k)
326,Flexible spending account
326,Paid time off
326,Parental leave
326,Vision insurance
327,Health savings account
327,Health insurance
327,Dental insurance
327,Flexible spending account
327,Tuition reimbursement
327,Paid time off
327,On-the-job training
327,Parental leave
327,Employee assistance program
327,Vision insurance
327,401(k) matching
327,Life insurance
328,Wellness program
328,Disability insurance
328,Health insurance
328,Dental insurance
328,Paid time off
328,Parental leave
328,Employee assistance program
328,Vision insurance
328,401(k) matching
328,Employee discount
328,Life insurance
328,Pet insurance
329,Profit sharing
329,Paid training
329,Health insurance
329,Dental insurance
329,Paid time off
329,On-the-job training
329,Employee assistance program
329,Vision insurance
329,Opportunities for advancement
329,Flexible schedule
334,Paid holidays
334,Health insurance
334,Dental insurance
334,Paid time off
334,Vision insurance
334,Life insurance
335,Employee stock purchase plan
335,Disability insurance
335,Health insurance
335,Dental insurance
335,401(k)
335,Paid time off
335,Vision insurance
337,Store discount
337,Employee stock purchase plan
337,Paid holidays
337,Disability insurance
337,Health insurance
337,Dental insurance
337,401(k)
337,Tuition reimbursement
337,Paid time off
337,Vision insurance
337,Employee discount
337,Life insurance
338,Health insurance
338,Paid time off
338,Parental leave
338,Volunteer time off
340,Health savings account
340,AD&D insurance
340,Paid holidays
340,Disability insurance
340,Health insurance
340,Dental insurance
340,Paid time off
340,Employee assistance program
340,Vision insurance
340,401(k) matching
342,Health insurance
342,Paid time off
342,Parental leave
342,Volunteer time off
343,Health insurance
343,Dental insurance
343,401(k)
343,Paid time off
343,Parental leave
343,Vision insurance
344,Travel reimbursement
344,Free parking
344,Health savings account
344,Paid holidays
344,Disability insurance
344,Health insurance
344,Dental insurance
344,Flexible spending account
344,Tuition reimbursement
344,Paid time off
344,Employee assistance program
344,Vision insurance
345,Free parking
348,Health insurance
348,Dental insurance
348,Paid time off
348,Vision insurance
348,401(k) matching
352,Paid training
352,Paid holidays
352,Health insurance
352,Dental insurance
352,Paid time off
352,Employee assistance program
352,Vision insurance
352,401(k) matching
352,Referral program
353,401(a)
353,Wellness program
353,AD&D insurance
353,Partner benefits
353,Paid holidays
353,Disability insurance
353,Health insurance
353,Dental insurance
353,Flexible spending account
353,Paid time off
353,Adoption assistance
353,Employee assistance program
356,Paid holidays
356,Disability insurance
356,Health insurance
356,Dental insurance
356,401(k)
356,Employee assistance program
356,Vision insurance
356,Life insurance
356,Paid sick time
357,Travel reimbursement
357,Commuter assistance
357,AD&D insurance
357,Paid holidays
357,Disability insurance
357,Health insurance
357,Dental insurance
357,Flexible spending account
357,Employee assistance program
357,Vision insurance
357,Employee discount
357,Life insurance
358,Paid holidays
358,Relocation assistance
358,Health insurance
358,401(k)
358,Adoption assistance
358,Parental leave
359,Health savings account
359,Paid holidays
359,Disability insurance
359,Health insurance
359,401(k)
359,Flexible spending account
359,Tuition reimbursement
359,Employee assistance program
359,Vision insurance
359,401(k) matching
359,Bereavement leave
359,Life insurance
360,AD&D insurance
360,Paid holidays
360,Disability insurance
360,Health insurance
360,Dental insurance
360,Tuition reimbursement
360,Employee assistance program
360,Vision insurance
360,Credit union membership
360,Life insurance
365,Profit sharing
365,Health insurance
365,Dental insurance
365,Paid time off
365,401(k) matching
367,Free parking
367,Commuter assistance
367,Paid holidays
367,401(k) 3% Match
367,Health insurance
367,Dental insurance
367,Flexible spending account
367,Employee assistance program
367,Vision insurance
367,401(k) matching
367,Loan forgiveness
367,Life insurance
369,Paid holidays
369,Health insurance
369,Paid time off
369,Retirement plan
370,Paid parental leave
370,Health insurance
370,Dental insurance
370,Paid time off
370,Parental leave
370,Vision insurance
370,401(k) matching
370,Life insurance
372,401(k)
373,AD&D insurance
373,Paid holidays
373,Disability insurance
373,Health insurance
373,Dental insurance
373,401(k)
373,Flexible spending account
373,Tuition reimbursement
373,Vision insurance
373,Employee discount
373,Life insurance
373,Referral program
374,Employee stock purchase plan
374,Disability insurance
374,Health insurance
374,Dental insurance
374,401(k)
374,Paid time off
374,Vision insurance
375,Health insurance
375,Dental insurance
375,401(k)
375,Paid time off
375,Vision insurance
375,401(k) matching
375,Employee discount
375,Flexible schedule
376,License reimbursement
376,Paid holidays
376,Health insurance
376,Dental insurance
376,401(k)
376,Flexible spending account
376,Paid time off
376,Employee assistance program
376,Vision insurance
376,401(k) matching
376,Employee discount
376,Professional development assistance
377,Health savings account
377,Health insurance
377,Dental insurance
377,401(k)
377,Tuition reimbursement
377,Paid time off
377,Employee assistance program
377,Vision insurance
377,401(k) matching
377,Life insurance
377,Referral program
377,Paid sick time
378,Health insurance
378,401(k)
378,On-the-job training
378,Opportunities for advancement
379,Paid training
379,Paid holidays
379,Health insurance
379,401(k)
379,Paid time off
379,401(k) matching
379,Paid sick time
380,Health insurance
380,Employee discount
380,Flexible schedule
381,Health savings account
381,Disability insurance
381,Health insurance
381,Dental insurance
381,401(k)
381,Flexible spending account
381,Tuition reimbursement
381,Paid time off
381,On-the-job training
381,Employee assistance program
381,Vision insurance
381,401(k) matching
382,Health insurance
382,Dental insurance
382,Paid time off
382,Vision insurance
382,Life insurance
383,Health insurance
383,401(k)
383,Paid time off
383,Employee discount
383,Flexible schedule
384,Disability insurance
384,Health insurance
384,Dental insurance
384,Paid time off
384,Vision insurance
384,Life insurance
384,Retirement plan
385,Disability insurance
385,Health insurance
385,Dental insurance
385,Tuition reimbursement
385,Paid time off
385,Adoption assistance
385,Vision insurance
385,403(b)
386,Paid time off
386,Professional development assistance
386,Flexible schedule
387,Paid holidays
387,Disability insurance
387,Health insurance
387,Dental insurance
387,Paid time off
387,Vision insurance
387,401(k) matching
387,Life insurance
387,Paid sick time
388,Health savings account
388,Disability insurance
388,Health insurance
388,Dental insurance
388,401(k)
388,Tuition reimbursement
388,Paid time off
388,Employee assistance program
388,Vision insurance
388,Life insurance
389,Paid training
389,Continuing education credits
389,Health insurance
389,Paid time off
389,On-the-job training
389,Flexible schedule
391,Paid holidays
391,Dental insurance
391,401(k)
391,Paid time off
396,AD&D insurance
396,Paid holidays
396,Disability insurance
396,Health insurance
396,Dental insurance
396,401(k)
396,Flexible spending account
396,Tuition reimbursement
396,On-the-job training
396,Vision insurance
396,Employee discount
396,Benefits from day one
399,Paid training
399,Paid holidays
399,Health insurance
399,Dental insurance
399,Paid time off
399,Employee assistance program
399,Vision insurance
399,401(k) matching
399,Referral program
404,Health insurance
404,Paid time off
404,Parental leave
404,Volunteer time off
408,Paid holidays
408,Disability insurance
408,Health insurance
408,401(k)
408,Paid time off
408,Vision insurance
408,Referral program
409,Free parking
409,Health insurance
409,Dental insurance
409,Paid time off
409,Vision insurance
409,401(k) matching
409,Employee discount
410,Health savings account
410,AD&D insurance
410,Paid holidays
410,Disability insurance
410,Health insurance
410,Dental insurance
410,Vision insurance
410,401(k) matching
410,Opportunities for advancement
411,Free parking
412,Health insurance
412,Dental insurance
412,Vision insurance
412,Life insurance
412,Retirement plan
414,Travel reimbursement
414,Commuter assistance
414,AD&D insurance
414,Paid holidays
414,Disability insurance
414,Health insurance
414,Dental insurance
414,Flexible spending account
414,Employee assistance program
414,Vision insurance
414,Employee discount
414,Life insurance
415,401(a)
415,Wellness program
415,AD&D insurance
415,Partner benefits
415,Paid holidays
415,Disability insurance
415,Health insurance
415,Dental insurance
415,Flexible spending account
415,Paid time off
415,Adoption assistance
415,Employee assistance program
416,Health savings account
416,Paid holidays
416,Disability insurance
416,Health insurance
416,401(k)
416,Flexible spending account
416,Tuition reimbursement
416,Employee assistance program
416,Vision insurance
416,401(k) matching
416,Bereavement leave
416,Life insurance
417,Paid holidays
417,Relocation assistance
417,Health insurance
417,401(k)
417,Adoption assistance
417,Parental leave
421,Paid parental leave
421,Health insurance
421,Dental insurance
421,Tuition reimbursement
421,Paid time off
421,Parental leave
421,Vision insurance
421,401(k) matching
421,Life insurance
422,Employee discount
425,Health insurance
425,Dental insurance
425,401(k)
425,Employee assistance program
425,Vision insurance
426,Paid holidays
426,Disability insurance
426,Health insurance
426,Leadership training provided
426,401(k) matching
427,Paid holidays
427,Health insurance
427,Dental insurance
427,Paid time off
427,Vision insurance
430,Free parking
430,Health insurance
430,Dental insurance
430,Paid time off
430,Vision insurance
430,401(k) matching
430,Employee discount
436,Paid training
436,Fuel card
436,Paid holidays
436,Health insurance
436,Dental insurance
436,Paid time off
436,Vision insurance
436,401(k) matching
436,Opportunities for advancement
436,Flexible schedule
437,Paid training
437,Paid holidays
437,Health insurance
437,401(k)
437,Paid time off
437,401(k) matching
437,Paid sick time
438,Health insurance
438,Dental insurance
438,Paid time off
438,Vision insurance
438,Life insurance
439,Health insurance
439,401(k)
439,Paid time off
439,Employee discount
439,Flexible schedule
440,Disability insurance
440,Health insurance
440,Dental insurance
440,Tuition reimbursement
440,Paid time off
440,Adoption assistance
440,Vision insurance
440,403(b)
441,Disability insurance
441,Health insurance
441,Dental insurance
441,Tuition reimbursement
441,Paid time off
441,Adoption assistance
441,Vision insurance
441,403(b)
442,Paid time off
442,Professional development assistance
442,Flexible schedule
443,Free parking
443,Health savings account
443,Disability insurance
443,Health insurance
443,Dental insurance
443,401(k)
443,Paid time off
443,Vision insurance
443,401(k) matching
443,Life insurance
444,Health insurance
444,Dental insurance
444,Paid time off
444,Vision insurance
444,Employee discount
444,Flexible schedule
444,Referral program
445,Health savings account
445,Health insurance
445,Dental insurance
445,401(k)
445,Tuition reimbursement
445,Paid time off
445,Employee assistance program
445,Vision insurance
445,401(k) matching
445,Life insurance
445,Referral program
445,Paid sick time
446,Health savings account
446,Disability insurance
446,Health insurance
446,Dental insurance
446,401(k)
446,Flexible spending account
446,Tuition reimbursement
446,Paid time off
446,On-the-job training
446,Employee assistance program
446,Vision insurance
446,401(k) matching
447,Health savings account
447,Health insurance
447,Dental insurance
447,401(k)
447,Flexible spending account
447,Paid time off
447,Employee assistance program
447,Vision insurance
447,401(k) matching
447,Employee discount
447,Life insurance
447,Referral program
448,Employee discount
448,Flexible schedule
448,Referral program
449,Employee discount
449,Opportunities for advancement
449,Flexible schedule
450,AD&D insurance
450,Paid holidays
450,Disability insurance
450,Health insurance
450,Dental insurance
450,401(k)
450,Flexible spending account
450,Tuition reimbursement
450,On-the-job training
450,Vision insurance
450,Employee discount
450,Benefits from day one
451,Health insurance
451,Employee discount
451,Flexible schedule
455,Paid training
455,Paid holidays
455,Health insurance
455,Dental insurance
455,Paid time off
455,Employee assistance program
455,Vision insurance
455,401(k) matching
455,Referral program
466,Health savings account
466,Health insurance
466,Dental insurance
466,401(k)
466,Flexible spending account
466,Paid time off
466,Employee assistance program
466,Vision insurance
466,401(k) matching
466,Professional development assistance
466,Life insurance
466,Referral program
467,Health insurance
467,Dental insurance
467,Paid time off
467,Vision insurance
467,Life insurance
468,Health savings account
468,Health insurance
468,Dental insurance
468,401(k)
468,Tuition reimbursement
468,Paid time off
468,Employee assistance program
468,Vision insurance
468,401(k) matching
468,Life insurance
468,Referral program
468,Paid sick time
469,Dental insurance
469,Paid time off
470,Continuing education credits
471,Health insurance
471,Dental insurance
471,Paid time off
471,Vision insurance
471,401(k) matching
472,Health insurance
472,401(k)
472,Paid time off
472,Employee discount
472,Flexible schedule
473,Paid time off
473,Professional development assistance
473,Flexible schedule
474,Paid training
474,Continuing education credits
474,Health insurance
474,Paid time off
474,On-the-job training
474,Flexible schedule
475,Paid training
475,Paid holidays
475,Health insurance
475,401(k)
475,Paid time off
475,401(k) matching
475,Paid sick time
476,Paid holidays
476,Dental insurance
476,401(k)
476,Paid time off
477,Health insurance
477,Employee discount
477,Flexible schedule
478,Health insurance
478,Dental insurance
478,401(k)
478,On-the-job training
478,Vision insurance
478,Referral program
479,Employee discount
479,Flexible schedule
479,Referral program
480,Health savings account
480,Disability insurance
480,Health insurance
480,Dental insurance
480,401(k)
480,Flexible spending account
480,Tuition reimbursement
480,Paid time off
480,On-the-job training
480,Employee assistance program
480,Vision insurance
480,401(k) matching
481,Paid holidays
481,Dental insurance
481,401(k)
481,Vision insurance
481,Opportunities for advancement
481,Life insurance
481,Paid sick time
482,Paid training
482,Paid holidays
482,Health insurance
482,Dental insurance
482,401(k)
482,Paid time off
482,On-the-job training
482,Vision insurance
482,Employee discount
482,Life insurance
483,Health savings account
483,Health insurance
483,401(k) matching
483,Professional development assistance
483,Flexible schedule
483,Life insurance
483,Retirement plan
484,Paid holidays
484,Health insurance
484,Dental insurance
484,401(k)
484,Flexible spending account
484,Tuition reimbursement
484,Paid time off
484,Cell phone reimbursement
484,Vision insurance
484,401(k) matching
484,Employee discount
484,Flexible schedule
485,Stock options
485,Paid holidays
485,Dental insurance
485,Paid time off
485,Vision insurance
485,Opportunities for advancement
485,Flexible schedule
485,Life insurance
486,Disability insurance
486,Health insurance
486,Dental insurance
486,Paid time off
486,Vision insurance
486,Life insurance
487,Health insurance
487,Dental insurance
487,401(k)
487,Paid time off
487,Vision insurance
487,401(k) matching
487,Employee discount
488,Paid training
488,Fuel card
488,Paid holidays
488,Health insurance
488,Dental insurance
488,Paid time off
488,Vision insurance
488,401(k) matching
488,Opportunities for advancement
488,Flexible schedule
489,Paid parental leave
489,Paid holidays
489,Dental insurance
489,401(k)
489,Tuition reimbursement
489,Paid time off
489,Parental leave
489,Vision insurance
489,Free fitness classes
490,Health insurance
490,Dental insurance
490,401(k)
490,Paid time off
490,Vision insurance
490,401(k) matching
490,Life insurance
491,Health insurance
491,Dental insurance
491,Vision insurance
492,Paid time off
492,Employee discount
492,Flexible schedule
493,Profit sharing
493,Paid training
493,Health insurance
493,Dental insurance
493,Paid time off
493,On-the-job training
493,Employee assistance program
493,Vision insurance
493,Opportunities for advancement
493,Flexible schedule
494,Employee discount
494,Opportunities for advancement
494,Flexible schedule
495,Health insurance
495,Dental insurance
495,Paid time off
495,Vision insurance
495,Employee discount
495,Flexible schedule
495,Referral program
496,Health savings account
496,Health insurance
496,Dental insurance
496,Paid time off
496,Vision insurance
496,Life insurance
497,Health savings account
497,Disability insurance
497,Health insurance
497,Dental insurance
497,401(k)
497,Tuition reimbursement
497,Paid time off
497,Employee assistance program
497,Vision insurance
497,Life insurance
498,Stock options
498,Paid holidays
498,Health insurance
498,Dental insurance
498,401(k)
498,Flexible spending account
498,Tuition reimbursement
498,Paid time off
498,Employee assistance program
498,Vision insurance
498,401(k) matching
498,Opportunities for advancement
499,Health insurance
499,Dental insurance
499,Paid time off
499,Vision insurance
500,Health insurance
500,Dental insurance
500,Paid time off
500,Vision insurance
500,Life insurance
501,Disability insurance
501,Health insurance
501,Dental insurance
501,Paid time off
501,Vision insurance
501,Employee discount
501,Life insurance
501,Pet insurance
502,Paid training
502,Paid holidays
502,Disability insurance
502,Health insurance
502,401(k) matching
502,Life insurance
506,Continuing education credits
506,Disability insurance
506,Health insurance
506,Dental insurance
506,401(k)
506,Paid time off
506,Parental leave
506,Vision insurance
506,401(k) matching
506,Employee discount
506,Professional development assistance
506,Flexible schedule
507,Paid holidays
507,Disability insurance
507,Health insurance
507,Dental insurance
507,Paid time off
507,Vision insurance
507,401(k) matching
507,Life insurance
508,Paid time off
508,Employee discount
509,Health savings account
509,457(b)
509,Health insurance
509,Dental insurance
509,Flexible spending account
509,Paid time off
509,Employee assistance program
509,Vision insurance
509,Employee discount
509,Life insurance
509,Retirement plan
510,Paid holidays
511,Paid holidays
511,Health insurance
511,Dental insurance
511,Paid time off
511,Vision insurance
511,401(k) matching
511,Opportunities for advancement
511,Flexible schedule
511,Life insurance
512,Health insurance
512,Dental insurance
512,401(k)
512,On-the-job training
512,Vision insurance
512,Referral program
514,Health insurance
514,Dental insurance
514,Vision insurance
514,401(k) matching
514,Life insurance
515,Health insurance
515,Dental insurance
515,Paid time off
515,Vision insurance
516,Disability insurance
516,Health insurance
516,Dental insurance
516,Tuition reimbursement
516,Paid time off
516,Adoption assistance
516,Vision insurance
516,403(b)
517,Free parking
517,Health savings account
517,Disability insurance
517,Health insurance
517,Dental insurance
517,401(k)
517,Paid time off
517,Vision insurance
517,401(k) matching
517,Life insurance
518,Paid training
518,Health insurance
518,Dental insurance
518,401(k)
518,Vision insurance
518,Employee discount
518,Opportunities for advancement
518,Flexible schedule
518,Referral program
518,Food provided
519,Health insurance
519,Dental insurance
519,401(k)
519,Paid time off
519,Vision insurance
519,401(k) matching
519,Life insurance
519,Retirement plan
520,Health insurance
520,Dental insurance
520,Paid time off
520,Vision insurance
520,Employee discount
520,Flexible schedule
522,Health insurance
522,On-site gym
522,Dental insurance
522,Vision insurance
522,401(k) matching
522,Employee discount
522,Gym membership
522,Loan assistance
524,Health insurance
524,Dental insurance
524,Vision insurance
526,401(k)
529,Paid holidays
529,Health insurance
529,Dental insurance
529,Paid time off
529,Vision insurance
529,Life insurance
531,Health savings account
531,AD&D insurance
531,Paid holidays
531,Disability insurance
531,Health insurance
531,Dental insurance
531,Vision insurance
531,401(k) matching
531,Opportunities for advancement
537,Health insurance
537,Smoking cessation program
538,AD&D insurance
538,Paid holidays
538,Disability insurance
538,Health insurance
538,Dental insurance
538,401(k)
538,Flexible spending account
538,Tuition reimbursement
538,On-the-job training
538,Vision insurance
538,Employee discount
538,Benefits from day one
542,Travel reimbursement
542,Commuter assistance
542,AD&D insurance
542,Paid holidays
542,Disability insurance
542,Health insurance
542,Dental insurance
542,Flexible spending account
542,Employee assistance program
542,Vision insurance
542,Employee discount
542,Life insurance
543,Paid training
543,Paid holidays
543,Health insurance
543,Dental insurance
543,Paid time off
543,Employee assistance program
543,Vision insurance
543,401(k) matching
543,Referral program
544,Paid holidays
544,Disability insurance
544,Health insurance
544,401(k)
544,Paid time off
544,Vision insurance
544,Referral program
548,Dental insurance
550,Paid holidays
550,Health insurance
550,Paid time off
550,Retirement plan
552,401(a)
552,Wellness program
552,AD&D insurance
552,Partner benefits
552,Paid holidays
552,Disability insurance
552,Health insurance
552,Dental insurance
552,Flexible spending account
552,Paid time off
552,Adoption assistance
552,Employee assistance program
553,Free parking
554,Health savings account
554,Paid holidays
554,Disability insurance
554,Health insurance
554,401(k)
554,Flexible spending account
554,Tuition reimbursement
554,Employee assistance program
554,Vision insurance
554,401(k) matching
554,Bereavement leave
554,Life insurance
555,Paid time off
555,Professional development assistance
555,Flexible schedule
556,Paid holidays
556,Dental insurance
556,401(k)
556,Paid time off
557,Paid training
557,Paid holidays
557,Health insurance
557,401(k)
557,Paid time off
557,401(k) matching
557,Paid sick time
558,Health savings account
558,Disability insurance
558,Health insurance
558,Dental insurance
558,401(k)
558,Flexible spending account
558,Tuition reimbursement
558,Paid time off
558,On-the-job training
558,Employee assistance program
558,Vision insurance
558,401(k) matching
559,Continuing education credits
559,Disability insurance
559,Health insurance
559,Dental insurance
559,401(k)
559,Paid time off
559,Parental leave
559,Vision insurance
559,401(k) matching
559,Employee discount
559,Professional development assistance
559,Flexible schedule
560,Health insurance
560,Employee discount
560,Flexible schedule
561,Health insurance
561,Dental insurance
561,Paid time off
561,Vision insurance
561,Life insurance
563,Health insurance
563,401(k)
563,Paid time off
563,Employee discount
563,Flexible schedule
564,Paid holidays
564,Relocation assistance
564,Health insurance
564,401(k)
564,Adoption assistance
564,Parental leave
565,Health savings account
565,Health insurance
565,Dental insurance
565,401(k)
565,Tuition reimbursement
565,Paid time off
565,Employee assistance program
565,Vision insurance
565,401(k) matching
565,Life insurance
565,Referral program
565,Paid sick time
566,Free parking
566,Health savings account
566,Disability insurance
566,Health insurance
566,Dental insurance
566,401(k)
566,Paid time off
566,Vision insurance
566,401(k) matching
566,Life insurance
567,Paid training
567,Continuing education credits
567,Health insurance
567,Paid time off
567,On-the-job training
567,Flexible schedule
568,Health insurance
568,Dental insurance
568,401(k)
568,Paid time off
568,Vision insurance
568,401(k) matching
568,Employee discount
568,Flexible schedule
570,Stock options
570,Paid holidays
570,Dental insurance
570,Paid time off
570,Vision insurance
570,Opportunities for advancement
570,Flexible schedule
570,Life insurance
572,Employee discount
572,Flexible schedule
572,Referral program
578,Health insurance
578,Smoking cessation program
581,401(k)
585,Paid training
585,Paid holidays
585,Health insurance
585,Dental insurance
585,Paid time off
585,Employee assistance program
585,Vision insurance
585,401(k) matching
585,Referral program